Lgals3,Sirpa
Selplg,Phex
Nmu,Crhr2
Nmu,Crhr1
Nmb,Tacr1
Cort,Crhr2
Sst,Crhr1
Nmu,Npffr1
Nmb,Crhr2
Nmb,Crhr1
Lgals3,Trem2
Nmb,Tacr3
Sst,Crhr2
Nmb,Npffr1
Pth,Crhr1
Cort,Crhr1
Fn1,Tlr2
Ptma,Crhr1
Ghrh,Crhr2
Nmb,Cckar
Pth,Crhr2
Nmb,Qrfpr
Ghrh,Crhr1
Nmb,Npy2r
Nmb,Tacr2
Nmu,Brs3
Mif,Dpp4
Lgals3,Havcr2
Sst,Tacr1
Nmb,Trhr
Nmb,Sstr4
Nmu,Tacr1
Fn1,Tlr4
Sst,Brs3
Hcrt,Tacr1
Lgals3,Pdcd1
Selplg,Kel
Nmu,Tacr3
Lgals3,Alcam
Nmb,Npffr2
Nmu,Prlhr
Nmu,Tacr2
Ptma,Crhr2
Nmu,Npffr2
Npy,Qrfpr
Lgals3,Lyve1
Nmu,Cckar
Hcrt,Tacr3
Nmu,Qrfpr
Sst,Qrfpr
Npy,Tacr3
Selplg,Dpp4
Nmb,Prlhr
Lgals9,Trem2
Sst,Tacr3
Selplg,Crhr2
Lgals3,Cxadr
Csf2,Il13ra2
Nmb,Kel
Nmu,Galr2
Npy,Tacr2
Selplg,Crhr1
Csf2,Il10rb
Nmu,Trhr
Npy,Brs3
Csf2,Il5ra
Hcrt,Tacr2
Sst,Tacr2
Sst,Npffr1
Nmu,Dpp4
Sst,Npy2r
Npy,Tacr1
Nmu,Npy2r
Adcyap1,Crhr1
Sst,Cckar
Adcyap1,Crhr2
Insl5,Kel
Nmb,Grpr
Nmu,Calcrl
Hcrt,Trhr
Mif,Alox5
Nmb,Ednra
Nmb,Galr2
Il21,Il10rb
Hcrt,Brs3
Hcrt,Npffr2
Lgals3,Nectin2
Il13,Il10rb
Hcrt,Crhr1
Hcrt,Crhr2
Insl5,Crhr1
Lgals9,Sirpa
Nmu,Kel
Galp,Crhr1
Lgals3,Cd28
Csf2,Cntfr
Hcrt,Npy2r
Hcrt,Qrfpr
Sst,Prlhr
Vwf,Tlr2
Cort,Tacr1
Mif,Fap
Nmb,Sstr1
Npy,Ednrb
Npy,Npffr2
Lgals3,Cd4
Sst,Trhr
Csf2,Il2rg
Nmb,Ednrb
Lgals3,Pvr
Insl5,Crhr2
Sst,Oprd1
Sst,Calcrl
Npy,Npffr1
Lgals9,Pdcd1
Npy,Ednra
Galp,Crhr2
Hcrt,Cckar
Sst,Galr2
Csf2,Il6ra
Lgals3,Cd200r1
Npy,Cckar
Insl5,Npbwr1
Lgals9,Cd28
Nmb,Sstr2
Agrp,Mc1r
Sst,Kel
Csf2,Il9r
Nmu,Gcgr
Nmb,Oprd1
Nmb,Phex
Npy,Galr2
Pth,Calcrl
Csf2,Il20rb
Omg,Tlr4
Lgals3,Mcam
Insl5,Aplnr
Cort,Brs3
Lgals9,Cd4
Npy,Trhr
Nmu,Aplnr
Il3,Cntfr
Nmu,Galr1
Il21,Csf2rb
Npy,Grpr
Galp,Tacr1
Iapp,Crhr1
Tac2,Crhr1
Csf2,Il22ra2
Nmu,Vipr1
Hcrt,Npffr1
Edn1,Phex
Nts,Tacr1
Nmb,Oprk1
Sst,Npffr2
Nmu,Ednra
Csf2,Il13ra1
Nmu,Ghsr
Lgals3,Fcgr1
Nmb,Npbwr1
Fn1,Gp1bb
Eda,Tnfrsf10b
Omg,Tlr2
Nmb,Sstr5
Hcrt,Ednra
Adcyap1,Calcrl
Lgals3,Nectin1
Nms,Crhr1
Cxcl12,Ccrl2
Iapp,Crhr2
Insl5,Tacr1
Il21,Csf2rb2
Selplg,Pth1r
Sst,Oprk1
Cort,Phex
Npy,Prlhr
Rln3,Npbwr1
Pth,Vipr1
Csf2,Il31ra
Nmb,Cckbr
Npy,Galr1
Grp,Tacr1
Tac2,Crhr2
Cxcl12,Xcr1
Csf2,Il11ra1
Nmu,Pth1r
Cort,Tacr3
Pth,Ramp3
Pth,Gipr
Lgals3,Cadm1
Csf2,Ifngr1
Nmu,Oprk1
Hcrt,Sstr4
Cort,Qrfpr
Cort,Tacr2
Adcyap1,Pth1r
Cxcl12,Procr
Csf2,Il2rb
Adcyap1,Phex
Il21,Il31ra
Nmu,Ednrb
Lgals3,Vsir
Nmb,Calcrl
Nmu,Grpr
Gal,Crhr2
Nmb,Galr1
Galp,Kel
Ptma,Tacr1
Csf2,Il3ra
Pthlh,Crhr1
Nms,Crhr2
Nmb,Dpp4
Npy,Nmbr
Il5,Il10rb
Adcyap1,Kel
Sst,Ednra
Ptma,Pth2r
Cort,Npffr1
Pthlh,Crhr2
Gal,Tacr1
Nts,Crhr2
Selplg,Vipr1
Gal,Crhr1
Hcrt,Prlhr
Nmu,Gipr
Hcrt,Grpr
Ptma,Pth1r
Icosl,Cd200r1
Nmb,Gcgr
Adcyap1,Gcgr
Csf2,Il12rb1
Hcrt,Ednrb
Epo,Cntfr
Adcyap1,Gipr
Selplg,Calcrl
Cck,Crhr1
Insl5,Oprk1
Sst,Galr1
Adcyap1,Pth2r
Il7,Cntfr
Nmu,Sctr
Lgals3,Cd80
Lgals9,Cd8a
Npff,Crhr1
Il21,Il5ra
Cort,Npy2r
Il4,Il10rb
Nmb,Pth1r
Mif,Kel
Csf2,Il4ra
Hcrt,Kel
Lgals3,Cd8a
Eda,Fas
Nmu,Cckbr
Sst,Npbwr1
Hcrt,Galr2
Cort,Prlhr
Nmb,Vipr1
Nmu,Nmbr
Ptma,Dpp4
Il4,Csf2rb
Nts,Crhr1
Cxcl12,Prokr2
Sst,Grpr
Il21,Cntfr
Eda,Tnfrsf1a
Il21,Il2rb
Ptma,Ramp3
Sst,Ednrb
Pth,Ramp2
Cort,Galr2
Ghrh,Calcrl
Pth,Calcr
Selplg,Fap
Vwf,Tlr4
Insl5,Oprd1
Csf2,Prlr
Selplg,Tacr1
Hcrt,Nmbr
Adcyap1,Sctr
Cort,Kel
Nmu,Sstr4
Insl5,Tacr2
Il3,Csf2rb
Csf2,F3
Adcyap1,Calcr
Il4,Csf2rb2
Nmb,Pth2r
Uts2,Crhr1
Pth,Gcgr
Il21,Il22ra2
Il3,Prlr
Npff,Crhr2
Sst,Phex
Eda,Adipor2
Insl5,Qrfpr
Il3,Il6ra
Adcyap1,Brs3
Eda,Tnfrsf25
Il4,Cntfr
Nmu,Oprd1
Insl5,Sstr4
Sst,Aplnr
Tnfsf9,Fas
Adcyap1,Tacr1
Pth,Sctr
Ptma,Calcrl
Cxcl12,Ccr7
Ptma,Phex
Ghrh,Pth2r
Selplg,Oprm1
Lgals3,Tlr4
Insl5,Brs3
Cxcl12,Ackr1
Il13,Il22ra2
Cort,Trhr
Hcrt,Oprd1
Lgals9,Cd200r1
Il12a,Cntfr
Hcrt,Calcrl
Il3,Il5ra
Selplg,Pth2r
Selplg,Npbwr1
Icosl,Cd200r2
Tnfsf13b,Fas
Iapp,Tacr1
Lgals3,Icos
Il21,Prlr
Cort,Cckar
Galp,Tacr3
Insl5,Galr2
Csf2,Osmr
Hcrt,Sstr1
Cxcl12,Cxcr1
Npvf,Crhr1
Csf2,Csf2rb2
Csf2,Ghr
Ghrh,Pth1r
Cxcl12,Cxcr2
Nmb,Aplnr
Pth,Kel
Galp,Tacr2
Cck,Crhr2
Insl5,Uts2r
Hcrt,Dpp4
Csf2,Mpl
Npy,Hcrtr2
Hcrt,Aplnr
Pyy,Tacr1
Hcrt,Cckbr
Galp,Brs3
Il3,Il2rg
Csf2,Il23r
Nts,Tacr3
Il21,Csf3r
Adm2,Crhr1
Cxcl12,Cxcr5
Il4,Il2rb
Sst,Pth1r
Csf2,Lepr
Nmu,Phex
Nmb,Hcrtr2
Mif,P2rx7
Rln3,Kel
Hcrt,Oprk1
Pth,Tacr1
Insl5,Prlhr
Mif,Phex
Ifng,Il10rb
Pth,Glp2r
Mif,Prlhr
Edn3,Crhr1
Il7,Il10rb
Il21,Il9r
Adcyap1,Glp2r
Eda,Adipor1
Cort,Calcrl
Fn1,Cav1
Tnfsf9,Adipor2
Mif,Ly96
Hcrt,Sstr2
Pth,Vipr2
Sst,Dpp4
Uts2,Tacr1
Selplg,Calcr
Il21,Il4ra
Il3,Il9r
Grp,Brs3
Il7,Csf3r
Nmb,Nmur2
Lgals3,Fgfrl1
Gal,Tacr3
Hcrt,Phex
Ptma,Kel
Epo,Prlr
Sst,Vipr1
Ghrh,Tacr1
Cxcl12,Prokr1
Tnfsf11,Fas
Npy,Gpr37l1
Nmb,Gpr37l1
Il21,Il13ra2
Nmu,Pth2r
Sema4g,Plxna2
Adm2,Crhr2
Il3,Il2rb
Npvf,Crhr2
Nms,Tacr1
Npff,Tacr1
Hcrt,Sstr5
Il7,Csf2rb
Cort,Npffr2
C1qa,Adipor1
Lgals9,Fcgr1
Lgals3,Nectin4
Igf2,Lrp2
Ang,Lrp2
Il3,Il13ra2
Nmu,Gpr37l1
Hcrt,Pth1r
Sema4c,Plxna2
Selplg,Sstr1
Il12a,Prlr
C1qtnf5,Adipor1
Insl5,Phex
Tnfsf4,Fas
Il21,Il6ra
Il4,Epor
Cort,Dpp4
Lgals3,Cd200r2
Il3,Il10rb
Cort,Pth1r
Il7,Csf2rb2
Sema4c,Plxna4
Insl5,Tacr3
Gal,Kel
Npvf,Tacr1
Sst,Nmbr
Sema4d,Plxna4
Hcrt,Vipr1
Il3,Il11ra1
Cort,Vipr1
Galp,Phex
Selplg,Aplnr
Lgals9,Icos
Il4,Il20rb
Vwf,Cav1
Ptma,Ramp1
Gal,Brs3
Adcyap1,Sstr4
Vegfa,Tlr4
Pthlh,Pth2r
Sema4g,Plxna4
Adcyap1,Cckar
Il4,Il22ra2
Tnfsf13,Fas
Nts,Tacr2
Il7,Prlr
Selplg,Gcgr
Il4,Prlr
Mif,Tacr1
Uts2,Crhr2
Edn3,Crhr2
Npy,Oprk1
Cxcl12,Cxcr6
Insl5,Dpp4
Il21,Il12rb1
L1cam,Nrcam
Cxcl12,Ccr8
Eda,Tmem126a
Il7,Il6ra
Il4,Lepr
Il16,Tlr4
Csf2,Lifr
Insl5,Oprm1
Csf2,Il6st
Csf2,Epor
Il12a,Csf3r
Il7,Il22ra2
Il7,Il31ra
Nts,Brs3
Il21,Lepr
Insl5,Sstr2
Rln3,Lrp2
Selplg,Oprd1
Nmu,Sstr1
Pth,Ghrhr
Cort,Oprd1
Selplg,Cd44
Il12a,Il31ra
Sst,Gcgr
Ghrh,Gcgr
Ppy,Tacr1
Tnfsf12,Fas
Sst,Pth2r
Nmu,Ntsr2
Gal,Tacr2
Nmu,Hcrtr2
Npy,Kel
Il15,Il10rb
Fyn,Sdc1
Ptma,Gipr
Npy,Crhr1
Cxcl12,Fap
Grp,Npbwr1
Cck,Pth1r
Kitl,Prlr
Il4,Ifnar1
Hcrt,Pth2r
Edn1,Dpp4
Tnfsf13b,Tnfrsf10b
Selplg,Oprk1
Uts2b,Tacr1
Cxcl12,Ccr10
Nmb,Gipr
Tnfsf9,Adipor1
Cd14,Cd44
Selplg,Sstr4
Lgals3,Nectin3
Grp,Tacr3
Sema3c,Plxna2
Epo,Il6st
Cxcl12,Ly96
Lgals9,Lyve1
Sema4d,Plxna1
Cd40lg,Fas
Kitl,Il12rb1
Nmb,Oprm1
Lgals3,Bcam
Kitl,Csf2rb
Vegfa,Lrp5
Proc,Ly96
Insl5,Npy2r
Insl5,Calcrl
C1qa,Adipor2
Hcrt,Sctr
Hcrt,Gcgr
Csf2,Crlf1
Adcyap1,Tacr2
Il3,Il23r
Il12a,Il6st
Htra2,Tnfrsf14
Il4,Csf3r
Il6,Cntfr
Tnfsf4,Tnfrsf14
Pyy,Tacr2
Il3,Il31ra
Sema4a,Plxna2
Nmu,Vipr2
Selplg,Npy2r
Adcyap1,Ramp1
Nmb,Nmur1
Ghrh,Ramp3
Cort,Grpr
Il11,Cntfr
Lgals3,Sdc1
Retn,Tlr2
Il13,Il5ra
Cxcl12,C3ar1
Sema4g,Plxna1
F8,Lrp2
Il7,Il5ra
Epo,Csf3r
Adam17,Ptprj
Il4,Il12rb1
Cxcl12,Ednrb
Agrn,Tlr2
Rln3,Oprk1
Adcyap1,Trhr
Kitl,Csf3r
Galp,Npbwr1
Tslp,Il10rb
Il21,Csf2ra
Sema3a,Plxnb1
Epo,Il31ra
Mif,Tlr4
Selplg,Sctr
Cxcl12,Cxcr3
Cxcl12,Ccr9
Il4,Il5ra
Mif,Brs3
Insl5,Sstr5
Tnfsf13b,Adipor1
Tnfsf13b,Tmem126a
Lgals9,Vsir
Cxcl12,Ccr4
Kitl,Csf2rb2
Hcrt,Galr1
Ptma,Ramp2
Nmb,Sstr3
Sema4a,Plxna4
Epo,Csf2rb
Rln3,Tacr1
Il7,Il13ra2
Kitl,Il2rb
Il3,Epor
Lgals9,Mag
Mif,Qrfpr
Adcyap1,Tacr3
Ghrh,Sctr
Cxcl12,Gpr75
Plg,Plxnb1
Il15,Cntfr
Plg,Cd44
Rln3,Aplnr
Lgals9,Tlr4
Insl5,Sstr1
Lgals9,Cxadr
Il21,Osmr
Selplg,Prlhr
Cd86,Cd200r1
Dmp1,Kel
Lgals3,Thbd
Sema4c,Plxna1
Edn3,Phex
Egf,Lrp2
Galp,Npy2r
Selplg,Tacr3
Nts,Oprd1
Cort,Nmur2
Cxcl12,Cx3cr1
Il4,Il6ra
Ifnb1,Cntfr
Il23a,Cntfr
Sema3b,Plxna2
Il3,Csf3r
Mif,Tacr3
Csf2,Ifnar1
Cort,Ednrb
Npy,Oprd1
Mif,Tacr2
Sema3g,Plxna2
Galp,Qrfpr
Rln3,Tacr2
Rln3,Crhr2
Cxcl12,Ccr1
Sema3b,Plxnb1
Grp,Tacr2
Sema3d,Plxna2
Psen2,Notch4
Il23a,Il6st
Pyy,Brs3
Sema4d,Plxna3
Sema3g,Plxnb1
Il21,Mpl
Mif,Gpr37l1
Sema3f,Plxna2
Il13,Csf2rb
Hcrt,Adra2a
Selplg,Sstr2
Lgals9,Ly96
Agrp,Tlr4
Sema4d,Plxnd1
Epo,Il12rb1
Cort,Npbwr1
Tnfsf13b,Adipor2
Cxcl12,Prlhr
Col18a1,Gfra2
Hcrt,Npbwr1
Sema4c,Plxna3
Sema4c,Plxnb1
Ppy,Brs3
Egf,Tlr4
Lgals9,Klrb1b
Icosl,Cd80
Nmb,Sctr
Sema4a,Plxna1
Il4,Il31ra
Tnfsf13b,Tnfrsf1a
Spon2,Cd44
Insl5,Lrp2
Nts,Kel
Sst,Hcrtr2
Il3,Il13ra1
Plau,Lrp6
Sema4g,Plxnb1
Npy,Crhr2
Rln3,Qrfpr
Selplg,Npffr1
Sema5a,Plxna2
Cxcl16,Xcr1
Grp,Crhr2
Insl5,Grpr
Sst,Gipr
Pyy,Tacr3
Epo,Csf2rb2
Kitl,Cntfr
Tnfsf12,Adipor2
Eda,Ngfr
Eda,Cd40
Insl5,Trhr
Ghrh,Ramp1
Epo,Il11ra1
Lgals3,Sell
Ptma,Tacr3
Il4,Il11ra1
Tnfsf10,Fas
Sema3b,Plxna4
Sema3d,Plxnb1
Nppb,Crhr1
Il3,Csf2ra
Hcrt,Oprm1
Selplg,Npffr2
Sema4g,Plxna3
Il21,Il6st
Nmu,Mtnr1b
Sema3f,Plxna4
Nts,Qrfpr
Gal,Npy2r
Il23a,Prlr
Mdk,Nrp1
Il4,Ghr
Cck,Pth2r
Il21,Il20rb
Rln3,Brs3
Csf2,Il27ra
Sema4d,Plxnb3
Adcyap1,Npffr1
Il4,Lifr
Il3,Il12rb1
Ifnb1,Prlr
Ppy,Tacr3
Grp,Qrfpr
Cd86,Cd200r2
Il3,Mpl
Tnfsf8,Fas
Edn2,Phex
Tnfsf11,Ngfr
Rln3,Crhr1
Mst1,Plxnb1
Cxcl12,Ccr3
Sst,Gpr37l1
Il13,Il2rg
Nmb,Ghsr
Cxcl12,Ccr5
Grp,Crhr1
Il13,Csf2rb2
Selplg,Vipr2
Insl5,Ednrb
Npvf,Brs3
Nms,Kel
Il13,Cntfr
Rspo1,Lhcgr
Sema3e,Plxna2
Vegfa,Igf2r
Cort,Gcgr
Epo,Il6ra
Il7,Il2rb
Insl5,Ednra
Insl5,Gpr37l1
Cdh1,Dchs1
Il4,Csf2ra
Npy,Cckbr
Sema5a,Plxna4
Spp1,Phex
Sema3d,Plxna4
Cck,Tacr1
Vegfa,Lrp6
Apela,Crhr1
Nmb,Npy5r
Cort,Oprk1
Il24,Il22ra2
Cxcl12,Ackr4
Il7,Il11ra1
Insl5,Npffr1
Rtn3,Tlr2
Ppy,Tacr2
Npy,Npbwr1
Apoe,P2rx7
Tnfsf4,Tnfrsf1a
Sema3a,Met
Sema3a,Plxnb2
Sema3a,Plxnb3
Nmu,Sstr2
Sema6d,Sdc3
Sema6c,Mst1r
Igf2,Abca1
Kitl,Ghr
Il21,Il3ra
Selplg,Sstr5
Psen1,Scarf1
Grp,Npy2r
Il23a,Csf3r
Sema4a,Met
Galp,Sstr2
Col18a1,Gfra3
C1qtnf5,Adipor2
Sema6c,Plxna4
Nms,Tacr3
Lta,Fas
Il12a,Csf2rb2
Il21,Il13ra1
Sema3c,Plxna1
Sema4c,Plxnd1
Cxcl16,Dpp4
Sema6c,Plxnd1
Ptma,Calcr
Sst,Oprm1
Ghrh,Gipr
Cort,Ednra
Lgals3,Cd19
Sema4g,Plxnd1
Sema4c,Met
Vegfc,Lrp6
Sema3c,Met
Galp,Npffr1
Mif,Npffr2
Hcrt,Adra2b
Spon2,Itgb3
Selplg,Tacr2
Rspo4,Lhcgr
Tnfsf11,Tnfrsf1a
Nmu,Sstr5
Hcrt,Gipr
Sema6c,Plxnb3
Sema4c,Mst1r
Il3,Ghr
Mif,Npy2r
Icosl,Sirpa
Sema3a,Plxna3
Mif,Ednrb
Omg,Gp1ba
Vegfa,Lrp2
Egf,Tlr2
Sema3f,Plxnb1
Ccl20,Ccrl2
Sema4g,Plxnb3
Sema4a,Mst1r
Sema3e,Plxnb1
Sema4a,Plxnb3
Csf2,Il7r
Sema4g,Met
Il21,Epor
Ifnb1,Il10rb
Nts,Oprk1
Sema3g,Plxna1
Pyy,Qrfpr
Selplg,Qrfpr
Sema4c,Plxnb3
Iapp,Ramp2
Adcyap1,Ghrhr
Sema3d,Plxna1
Spon2,Itgb8
Insl5,Npffr2
Adam17,Fcer2a
Il7,Lepr
Il13,Ifngr2
Adam17,Cd19
Ptma,Brs3
Il21,Lifr
Ptma,Sstr4
Nms,Tacr2
Csf2,Il2ra
Mif,Plscr4
Adam17,Axl
Tnfsf12,Adipor1
Sema3c,Plxnb3
Sema3c,Plxna3
Vegfc,Lrp5
Galp,Npffr2
Fn1,Agr2
Hcrt,Nmur1
Il23a,Il31ra
Sema6c,Met
Cort,Pth2r
Il11,Prlr
Sst,Cckbr
Il7,Il6st
Sema4d,Mst1r
Nmb,Vipr2
Adcyap1,Sstr1
Sema6b,Mst1r
Mmp2,Tlr4
Insl5,Pth1r
Cxcl12,Ackr2
Nppb,Crhr2
Mdk,Igf2r
Npy,Nmur1
Pth,Dpp4
Gal,Sstr2
Adcyap1,Oprk1
Spon2,Itgb6
Sema6b,Plxnd1
Nts,Galr2
Sema3g,Plxnb3
Ptma,Gcgr
Npy,Sstr4
Sema3b,Met
Tnfsf15,Fas
Sema5a,Plxnd1
Sema3e,Plxna4
Sema3g,Met
Il4,Il6st
Sema4g,Mst1r
Il31,Prlr
Adam17,Cd72
Ccl20,Ackr1
Edn2,Tacr1
Epo,Il2rb
Mif,Nmur1
Lgals9,Cd200r2
Il4,Il27ra
Tnfsf9,Tnfrsf10b
Ghrh,Kel
Sema3a,Plxnd1
Nms,Pth1r
Adam17,Cd47
Sema3b,Plxna3
Nts,Npy2r
Gal,Npbwr1
Ifnb1,Il22ra2
Sema3d,Plxnb3
Insl5,Cckar
App,Ptprj
Nts,Npffr2
Cck,Vipr1
Nts,Trhr
Gal,Oprk1
Selplg,Ednrb
Sst,Sctr
Sema3c,Plxnb2
Nms,Brs3
Rln3,Uts2r
Edn3,Pth1r
Galp,Pth2r
Nts,Phex
Plau,Lrp5
Nmb,Glp2r
Adam17,Muc1
Cxcl12,F2rl1
Sema4a,Plxna3
Il7,Il12rb1
Il3,Il6st
Sema3f,Plxna1
Sema3d,Plxna3
Ptma,Cckar
Spint1,Nrp1
Nmu,Ramp2
Galp,Pth1r
Vegfa,Sdc1
Adcyap1,Aplnr
Sema3g,Plxna3
Fn1,Gp9
Sema5a,Plxnb1
Rspo3,Lhcgr
Sema3a,Mst1r
Lgals3,Sdc2
Pth,Cckar
Sema3d,Met
Rgma,Hjv
Iapp,Pth2r
Adcyap1,Npy2r
Ghrh,Brs3
Fn1,P2rx4
Sema3g,Plxnd1
Trh,Crhr2
Il21,Ifnar1
Cxcl12,Aplnr
Pth,Phex
Sema3b,Plxnb3
Nppb,Pth1r
Tnfsf4,Cd40
Epo,Lepr
Sema6d,Mst1r
Il3,Il22ra2
Nts,Dpp4
Npy,Adra2b
Adm2,Phex
Hcrt,Nmur2
Sema6c,Plxna2
Nms,Phex
Insl5,Rxfp3
Sema3c,Mst1r
Fn1,P2rx7
Kitl,Lepr
Il15,Il22ra2
Apln,Crhr1
Ccl20,Ccr7
Thpo,Cntfr
Cxcl16,Ccr7
Rln3,Oprd1
Spon2,Itgb5
Sema6b,Met
Sema3b,Plxnd1
Il12a,Il2rb
Il7,Csf2ra
Ifnb1,Il31ra
Ptma,Sctr
Epo,Il22ra2
Sema3d,Plxnd1
Gal,Npffr2
Il13,Il20rb
Cort,Gipr
Ntf3,Sdc3
Psen2,Lrp6
Sema3g,Plxnb2
Il21,Il11ra1
Sema3b,Plxnb2
Il12a,Lepr
Ccl20,Xcr1
Tnfsf13,Tnfrsf10b
Rln3,Tacr3
Cort,Nmbr
Fgf23,Nrp1
Il3,Il27ra
Nmu,Glp2r
Csf2,Il21r
Npvf,Tacr3
Nms,Dpp4
Ghrh,Tacr2
Galp,Sstr4
Pthlh,Calcr
Nmu,Ghrhr
Npvf,Tacr2
Sema3d,Plxnb2
Nmb,Uts2r
Uts2,Tacr2
Clcf1,Prlr
App,Cd19
Rgmb,Hjv
Il12a,Csf2rb
Ntn3,Robo1
Epo,Il10rb
Nmu,Npbwr1
Fn1,Itga4
Il13,Csf3r
Cort,Galr1
Nmu,Calcr
Tnfsf13b,Tnfrsf25
Tnfsf9,Tnfrsf1a
Pyy,Npy2r
Il4,Il9r
Sema3e,Met
Omg,Flrt2
Ptma,Npffr1
Cxcl16,Cxcr2
Ptma,Glp2r
Pf4,Ackr1
Ccl5,Xcr1
Ptn,Sdc3
Nmu,Adra2b
Sema3f,Plxnb3
Nmb,Npy6r
Epo,Ghr
Iapp,Pth1r
Pcsk9,Lrp2
Tac2,Pth1r
Il6,Prlr
Il6,Csf3r
Hcrt,Ramp3
Hmgb1,Dpp4
Lgals3,Mcfd2
Sema6b,Plxna2
Il7,Ghr
Kitl,Mpl
Il19,Ifnar1
Hspg2,Robo2
Il2,Prlr
Chad,Tlr2
Selplg,Gipr
Sema6b,Plxnb3
Il4,Mpl
Il3,Lepr
Sema6b,Plxna1
Tnfsf13,Tmem126a
Sema5a,Mst1r
Il7,Il9r
Tnfsf12,Tmem126a
Epo,Osmr
Grp,Oprd1
Fn1,Lrp2
Sema6c,Plxna3
Kitl,Il23r
Adcyap1,Galr2
Il13,Prlr
Il21,Ifngr2
Egf,Lrp5
Spint1,Cd44
Cort,Sctr
Fyn,Mcfd2
Sema6d,Plxnb3
Cxcl1,Xcr1
Il5,Cntfr
Sema3g,Mst1r
Il12a,Il6ra
Il19,Il22ra2
Nms,Calcrl
Npy,Aplnr
Hmgb1,Xcr1
Sst,Ghsr
Psen2,Notch1
Il21,Il27ra
Galp,Cckar
Mdk,Tlr4
Plat,Cd44
Cxcl12,C5ar1
Ntn3,Robo2
Rln3,Galr2
Il13,Il2rb
Sema6d,Cav1
Cd86,Cd80
Agrn,Scarf1
Sema3f,Plxnd1
Vegfd,Lrp6
Mif,Npbwr1
Fyn,Sdc3
Sema6d,Plxnd1
Spon2,Itgb1
Rtn3,Tlr4
Tnfsf11,Cd40
Ccl5,Ccr7
Igf2,Lrp6
Sst,Uts2r
Gal,Sstr1
Mif,Xcr1
Sema3d,Mst1r
Clec4g,Sdc3
Insl5,Sstr3
Pyy,Ednrb
Epo,Il2rg
Fgf2,Nrp2
Vegfa,Lrp1b
Ptma,Vipr2
Nmu,Fap
Sema3e,Plxnb3
Nms,Vipr1
Sema6b,Plxna3
Nmu,Oprm1
Ntng2,Robo1
Tnc,Lrp2
Nmb,Il10rb
Il21,Ghr
Sema3b,Mst1r
Lgals3,Cd22
Nts,Prlhr
Fn1,Igf2r
Clec4g,Sdc1
Gal,Phex
Cxcl12,Ednra
Vegfa,Sdc3
Sema6b,Plxnb1
Osm,Prlr
Sema6d,Plxna2
Iapp,Tacr3
Mif,Ednra
Sema3e,Plxna3
Sema6c,Plxnb2
Sst,Vipr2
Il10,Prlr
Sema6a,Mst1r
Cxcl12,Ccr2
Sema6d,Met
Ang,Lrp6
Sema3e,Plxnb2
Icam1,Cd44
Iapp,Calcrl
Eda,Ltbr
Il12a,Il27ra
Il19,Il10ra
Cck,Calcr
Nts,Npffr1
Sema3f,Met
Il4,Ifngr1
Npy,Oprm1
Igf2,Lrp1b
Il23a,Lepr
Tnc,Cd44
Adam10,Cd9
Sema6c,Plxnb1
App,Tmem67
Il5,Csf2ra
Pth,Tacr2
Col18a1,Mfrp
Pf4,Ccrl2
Lgals9,Olr1
Ccn2,Lrp5
Npy,Nmur2
Adm2,Kel
Ptma,Tacr2
Tnfsf4,Tnfrsf18
Col18a1,Gfra1
Epo,Il23r
Lgals3,Fgfr3
Hcrt,Vipr2
Thpo,Prlr
Ghrh,Ramp2
Clcf1,Il11ra1
Il4,Ifngr2
Ifnb1,Il20rb
Uts2b,Tacr3
Ccn1,Lrp6
Il5,Il22ra2
Sema3f,Plxnb2
Ifnb1,Il6st
Nms,Pth2r
Proc,Tlr4
Hcrt,Calcr
Apela,Crhr2
Ppbp,Ccr7
Iapp,Tacr2
Plat,Lrp6
Il5,Il2rg
Sema5a,Plxnb2
Pth,Tacr3
Il15,Prlr
Il5,Il9r
Il12a,Ghr
Nmb,Ramp3
Pthlh,Glp2r
L1cam,Robo1
Grp,Oprk1
Insl5,Npy5r
Iapp,Ramp1
Nmu,Adrb3
Plg,Mst1r
Uts2,Brs3
Fn1,Slc40a1
Gal,Ednrb
Mif,Npffr1
Sema6a,Plxnd1
Il21,Ifngr1
Selplg,Glp2r
Cort,Ramp1
Epo,Il13ra2
Sema5a,Plxna3
Eda,Cd27
Cxcl1,Ccr7
Pyy,Npffr2
Ppbp,Xcr1
Calr,Cd44
Cort,Vipr2
Eda,Tnfrsf8
Lgals3,Tyro3
Il7,Il23r
Trh,Tacr1
Psen1,Stab2
Lgals3,Sdc4
Il21,Il23r
Epo,Il27ra
Npy,Sstr1
Ntng2,Robo2
Hcrt,Gpr37l1
Mif,Grpr
Tnc,Lrp6
Grp,Cckar
Tnfsf4,Ngfr
Il12a,Il11ra1
Fyn,Sdc2
Hmgb1,Cxcr2
Fyn,Cav1
Plg,Lrp6
Il11,Csf3r
Il7,Il20rb
Npff,Cckar
Selplg,Alox5
Fn1,Itga9
Il10,Csf3r
Adcyap1,Mc2r
Tac2,Brs3
Il3,Ifngr1
Fn1,Sdc1
Vegfa,Alk
Col18a1,Izumo1r
Igf2,Lrp4
Ccl7,Ccr7
Sema6b,Plxnb2
Il13,Csf2ra
Il15,Il6ra
Lgals3,Fgfr1
Ifnb1,Il6ra
Nmb,Ramp2
Galp,Calcrl
Sema3f,Mst1r
Lep,Prlr
Clec4g,Sdc2
Hspg2,Robo1
Tnfsf13,Tnfrsf25
Edn3,Tacr1
Rln3,Phex
Il4,Il10ra
Trh,Crhr1
Il10,Cntfr
Csf2,Ifngr2
Vegfc,Lrp2
Psen2,Notch3
Il3,Il20rb
Tnfsf4,Tnfrsf10b
Cxcl12,Ghsr
Igf2,Lrp1
Ntn3,Robo3
Iapp,Dpp4
Eda,Tnfrsf11a
Pyy,Galr2
Il4,F3
Selplg,Nmur2
Vwf,Tlr1
Csf2,Il10ra
Nts,Cckar
Pth,Npffr1
Rln3,Ednra
Nmu,Npy5r
Ifnb1,Csf3r
Selplg,Cckar
Iapp,Kel
Htra2,Ngfr
Sst,Nmur1
Nmu,Glp1r
Adam10,Cd81
Cck,Glp2r
Il15,Il5ra
Sema3e,Mst1r
Adcyap1,Npffr2
Adcyap1,Sstr3
Sct,Crhr2
Spp1,Dpp4
Ghrh,Tacr3
Psen1,Lrp5
Pthlh,Vipr1
App,Cd9
Ccl20,Gpr75
Selplg,Lrp6
Kitl,Lifr
Adcyap1,Cckbr
Ifnb1,Il2rb
Ghrh,Calcr
Tnc,Lrp5
Lgals3,Klrb1b
Sst,Nmur2
F2,Cd44
Ghrh,Glp2r
Npvf,Cckar
Apln,Crhr2
Hcrt,Ramp2
Lgals9,Cd72
Il7,Osmr
Fn1,Lrp5
Psen1,Lrp6
Col18a1,Hhip
Uts2b,Tacr2
Il2,Il13ra2
Galp,Oprk1
Adcyap1,Ednra
Gal,Cckar
Nmb,Calcr
Selplg,P2rx7
Kitl,Il6st
Pthlh,Gcgr
Vtn,Tlr4
Edn2,Npbwr1
Sct,Crhr1
Pyy,Ednra
Calca,Crhr1
Egfl7,Lrp6
Kitl,Il4ra
Rln3,Npy2r
Npff,Tacr3
Fn1,Ngfr
Omg,Flrt3
Kitl,Il27ra
Hspg2,Neo1
Rbp3,Lrp6
Il13,Il31ra
Grp,Galr2
Nms,Cckar
C1qa,Thbd
Sema6d,Plxna3
Ntn1,Robo1
Htra2,Tnfrsf1a
Pyy,Grpr
Mdk,Cd44
Mdk,Nrp2
Sema6a,Plxnb3
Gal,Oprd1
Galp,Trhr
Cxcl10,Ccr7
Galp,Sstr1
Lgals3,Cntfr
Il2,Il5ra
Ifnb1,Il12rb1
Mif,Nmur2
Kitl,Il31ra
Ifnb1,Csf2rb2
Ifnb1,Csf2rb
Tnfsf4,Tnfrsf9
Il15,Il20rb
App,Cd81
Ghrh,Vipr2
Rln3,Oprm1
Hcrt,Npy5r
L1cam,Robo2
Ccn3,Ntrk1
Sema6a,Met
Il12a,Il23r
Pf4,Xcr1
Tff2,Lrp2
Rln3,Ednrb
Il13,Il12rb1
Il24,Prlr
Il2,Il31ra
Cxcl2,Ccr7
Rtn3,Lrp6
S100a1,Ly96
Lgals3,Cd244a
Tnfsf9,Tnfrsf25
Ptn,Tlr4
Thpo,Il10rb
Tnfsf11,Tnfrsf25
Uts2,Tacr3
Adcyap1,Oprd1
Il31,Csf3r
Cd40lg,Tnfrsf10b
Igf1,Lrp2
Col18a1,Fzd10
Tnfsf12,Tnfrsf10b
Anxa1,Lrp2
Egf,Lrp1b
Adam17,Hjv
Selplg,Trhr
Sema6d,Plxnb2
Lgals3,Cd72
Egf,Lrp6
Nmu,Avpr1b
Rspo2,Lhcgr
Tnc,Itgb5
Tnfsf14,Tnfrsf10b
Cxcl3,Ccr7
Galp,Grpr
Nmb,Adra2b
Sema6d,Sdc2
Insl5,Rxfp1
Il4,Osmr
Cxcl12,Fpr2
Npff,Pth1r
Npy,Uts2r
Il11,Il31ra
Tnfsf13,Tnfrsf1a
Ntn1,Robo2
Eda,Tnfrsf11b
Il13,Il6ra
Cxcl1,Dpp4
Cxcl12,C5ar2
Lgals3,Fgfr2
Npy,Sstr2
App,Axl
Rspo1,Rxfp1
App,Spn
Gal,Qrfpr
Apoe,Tlr4
Plg,Atrn
Cort,Ramp2
Cort,Ramp3
Vegfa,Lrp1
Col8a1,Cd93
Cxcl2,Xcr1
Il13,F3
Sema7a,Plxnb1
Fn1,Slc22a17
Galp,Oprd1
Adcyap1,Sstr2
Sema6d,Plxnb1
Il24,Ifnar1
Col18a1,Gfra4
Cd40lg,Tmem126a
Fn1,Lrp6
Nms,Npffr1
Lgals9,Cd80
Il7,Mpl
Insl5,Gcgr
Cd274,Cd28
Il31,Il6st
Vtn,Cd44
Ccl20,Cxcr5
Il21,Il2ra
Cxcl1,Cxcr5
Col18a1,Fzd4
Lgals3,Cd93
Ccl11,Ccr7
Ccl20,Ccr8
Il7,Il4ra
Ifnb1,Lepr
Col18a1,Fzd9
Mif,Ccrl2
Col18a1,Reck
Psen2,Lrp5
Ltb,Fas
Kitl,Il6ra
Il2,Cntfr
Clcf1,Csf3r
Ppbp,Ackr1
Nms,Sstr4
Psen2,Scarf1
Ghrh,Cckar
Adm2,Tacr1
Cck,Gipr
Il13,Il9r
Tnc,Tlr2
Il15,Il9r
Insl5,C3ar1
Ptn,Nrp2
Insl5,Nmbr
Ccn2,Ntrk2
Rln3,Trhr
Ccn3,Lrp6
Il10,Il22ra2
Selplg,Nmur1
Galp,Ednra
Il4,Il3ra
Il31,Cntfr
Kitl,Il13ra2
Il13,Lepr
Pth,Galr2
Lgals9,Cd244a
Adam17,Spn
Draxin,Lrp6
Uts2b,Crhr2
Ccl7,Xcr1
Ccn1,Ntrk1
Tnc,Itgb8
Tac2,Pth2r
Ptma,Npy2r
Spint1,Lrp2
Hcrt,Sstr3
Tctn1,Lrp6
Wnt3,Fzd6
Wnt3,Egfr
Wnt3,Fzd2
Wnt3,Lrp5
Wnt3,Fzd1
Wnt3,Fzd3
Wnt3,Fzd8
Wnt3,Ror1
Wnt3,Lrp6
Wnt3,Ror2
Wnt3,Fzd5
Wnt3,Fzd7
Wnt9a,Egfr
Wnt9a,Fzd7
Wnt9a,Fzd9
Wnt9a,Fzd4
Fgf23,Fgfr1
Fgf23,Fgfr4
Fgf23,Fgfr2
Fgf23,Fgfr3
Fgf23,Kl
Fgf6,Fgfr1
Fgf6,Fgfr4
Fgf6,Fgfr2
Fgf6,Fgfr3
Ccl2,Ccr4
Ccl2,Ccr2
Ccl2,Ackr1
Ccl2,Ackr2
Ccl12,Ccr4
Ccl12,Ccr2
Cdh1,Egfr
Cdh1,Fgfr1
Cdh1,Itgb7
Cdh1,Ptprj
Cdh1,Itgae
Cdh1,Ptprm
Cdh1,Igf1r
Cdh1,Klrg1
Ccl11,Ccr2
Ccl11,Ackr2
Ccl11,Ccr5
Ccl11,Cxcr3
Ccl11,Ccr3
Ccl11,Ackr4
Pdgfb,Lrp1
Pdgfb,Pdgfra
Pdgfb,Pdgfrb
Fasl,Fas
Il4,Il4ra
Il4,Il2ra
Il4,Tlr2
Il4,Il2rg
Il4,Il13ra1
Il4,Il13ra2
Ccl3,Ackr2
Ccl3,Ccr5
Ccl3,Ccr3
Ccl3,Ccr1
Icam4,Itgav
Icam4,Itgam
S100a4,Egfr
S100a4,Erbb2
Icam2,Itgam
Icam2,Itgal
Icam2,Itgb2
Efnb2,Ephb2
Efnb2,Epha3
Efnb2,Epha4
Efnb2,Ephb3
Efnb2,Epha7
Efnb2,Ephb4
Efnb2,Epha6
Efnb2,Ephb6
Efnb2,Ephb1
Sost,Lrp5
Sost,Lrp6
Col1a1,Itgb1
Col1a1,Cd44
Col1a1,Cd93
Il16,Grin2c
Il16,Kcnj4
Il16,Grin2d
Il16,Kcna3
Il16,Kcnd2
Il16,Kcnj15
Il16,Kcnd1
Il16,Cd4
Il16,Kcnj10
Angptl4,Gpihbp1
Bmp8b,Acvr2b
Bmp8b,Bmpr1b
Bmp8b,Acvr2a
Bmp8b,Tgfbr2
Bmp8b,Bmpr2
Bmp8b,Bmpr1a
Tgfb1,Itgb1
Tgfb1,Tgfbr2
Tgfb1,Tgfbr1
Tgfb1,Eng
Tgfb1,Sdc2
Tgfb1,Tgfbr3
Tgfb1,Itgb8
Tgfb1,Acvrl1
Shh,Cdon
Shh,Pvr
Shh,Ptch1
Shh,Lrp2
Shh,Hhip
Shh,Gpc1
Shh,Gpc6
Shh,Cav1
Shh,Gas1
Shh,Ptch2
Shh,Smo
Pspn,Gfra4
Pspn,Ret
Lamb1,Itgb1
Lamb1,Itga6
Efna2,Epha3
Efna2,Epha4
Efna2,Epha7
Efna2,Epha6
Efna2,Epha10
Efna2,Epha8
Efna2,Epha1
Efna2,Epha2
Efna2,Epha5
Ebi3,Il6st
Ebi3,Il27ra
Comp,Itgav
Comp,Notch1
Comp,Notch3
Comp,Cd47
Comp,Itga7
Comp,Cd36
Tgfb3,Tgfbr2
Tgfb3,Tgfbr1
Tgfb3,Eng
Tgfb3,Tgfbr3
Tgfb3,Acvr1
Gdf15,Egfr
Gdf15,Tgfbr2
Gdf15,Tgfbr1
Gdf15,Ret
Gdf15,Gfral
Calr,Lrp1
Calr,Scarf1
Calr,Mpl
Efnb3,Ephb2
Efnb3,Epha4
Efnb3,Ephb3
Efnb3,Ephb6
Efnb3,Ephb1
Sst,Sstr3
Sst,Sstr2
Sst,Sstr4
Sst,Sstr5
Sst,Sstr1
Pgf,Egfr
Pgf,Flt1
Pgf,Nrp1
Pgf,Nrp2
Ccl24,Ccr2
Ccl24,Ackr2
Ccl24,Ccr3
Zp3,Egfr
Zp3,Zp3r
Shbg,Gprc6a
App,Lrp6
App,Lrp1
App,Lrp2
App,Cav1
App,Notch1
App,Cd47
App,Cd74
App,Trpc6
App,Dcc
App,Lrp8
App,Sorcs1
App,Lrp4
App,Casr
App,Tspan12
App,Notch2
App,Lrp10
App,Gpr3
App,Tspan15
App,Fpr2
App,Tnfrsf21
App,Vldlr
App,Adra2a
App,Sorl1
App,Drd3
App,Ngfr
App,Ncstn
Agrp,Mc5r
Agrp,Mc3r
Agrp,Sdc3
Tnfsf14,Fas
Tnfsf14,Ltbr
Tnfsf14,Tnfrsf14
Trh,Trhr
Prl7a2,Prlr
Prl8a9,Prlr
Prl8a1,Prlr
Wnt10a,Fzd10
Bmp7,Acvr2b
Bmp7,Bmpr1b
Bmp7,Acvr2a
Bmp7,Bmpr2
Bmp7,Bmpr1a
Bmp7,Acvr1
Bmp7,Acvrl1
Ccl8,Ccr2
Ccl8,Ccr5
Ccl8,Ccr3
Ccl8,Ccr1
Ccl8,Ccr8
Rarres2,Ccrl2
Timp1,Lrp1
Timp1,Itgb1
Timp1,Cd63
Wnt3a,Fzd6
Wnt3a,Fzd2
Wnt3a,Lrp5
Wnt3a,Fzd1
Wnt3a,Fzd3
Wnt3a,Fzd8
Wnt3a,Lrp6
Wnt3a,Fzd5
Wnt3a,Fzd7
Wnt3a,Fzd4
Wnt3a,Igf1r
Wnt3a,Ptk7
Wnt3a,Apcdd1
Psen2,Notch2
Wnt2,Fzd2
Wnt2,Lrp5
Wnt2,Fzd1
Wnt2,Fzd3
Wnt2,Fzd8
Wnt2,Fzd5
Wnt2,Fzd7
Wnt2,Fzd9
Wnt2,Fzd4
Bmp5,Bmpr1b
Bmp5,Bmpr2
Bmp5,Bmpr1a
Wnt8a,Fzd1
Wnt8a,Lrp6
Wnt8a,Fzd5
Wnt8a,Fzd7
Wnt8a,Fzd4
Wnt8a,Ptk7
Plg,Lrp2
Plg,Plgrkt
Plg,Igf2r
Plg,Itgb2
Plg,Plaur
Csf1,Csf1r
Csf1,Flt4
Ceacam16,Tectb
Ceacam16,Tecta
Dll1,Notch1
Dll1,Notch3
Dll1,Notch2
Dll1,Notch4
Mmp13,Lrp1
Lama5,Itgb4
Lama5,Bcam
Hspa8,Aqp2
Cd34,Sell
Cd274,Pdcd1
Cd274,Cd80
Lnx2,Cd8a
Lnx2,Cxadr
Il10,Il10ra
Il10,Il10rb
Prl5a1,Prlr
Pyy,Npy5r
Pyy,Npy1r
Pyy,Dpp4
Ppy,Npy2r
Vtn,Itgav
Vtn,Itgb5
Vtn,Itga8
Vtn,Plaur
Igfbp4,Lrp6
Ada,Dpp4
Ada,Adora2b
Ada,Adora1
Mmp9,Lrp1
Mmp9,Ephb2
Mmp9,Cd44
Mmp9,Tlr9
Mmp9,Tlr4
Mmp9,Itgb2
Prl3c1,Prlr
Mfng,Notch1
Gdf9,Bmpr1b
Gdf9,Acvr2a
Gdf9,Bmpr2
Gdf9,Bmpr1a
Gdf9,Tgfbr1
Gdf9,Acvr1c
Gdf9,Acvr1b
Wnt9b,Lrp5
Wnt9b,Lrp6
Wnt9b,Fzd5
Tnfsf13,Tnfrsf17
Tnfsf13,Tnfrsf13b
Il3,Il4ra
Il3,Il2ra
Il3,Csf2rb2
Il3,Il3ra
Csf2,Sdc2
Csf2,Csf1r
Csf2,Csf2rb
Csf2,Csf2ra
Csf2,Csf3r
Cxcl16,Cxcr6
Ccl6,Ccr1
Ccl4,Ackr2
Ccl4,Ccr5
Ccl4,Ccr3
Ccl4,Ccr1
Ccl4,Ccr8
Ccl9,Ccr1
Calm3,Grm7
Calm3,Scn10a
Calm3,Scn4a
Calm3,Trpc5
Calm3,Kcnq3
Calm3,Adcy8
Calm3,Mylk
Icam5,Itgal
Icam5,Itgb2
Cd70,Cd27
Sema6a,Plxna4
Sema6a,Plxna2
Vip,Dpp4
Vip,Npr3
Vip,Ramp2
Vip,Vipr1
Vip,Adcyap1r1
Vip,Ramp1
Vip,Ramp3
Vip,Vipr2
Lama4,Itgb1
Nts,Sort1
Nts,Ntsr1
Nts,Ntsr2
Nts,Ngfr
Ccn2,Egfr
Ccn2,Lrp6
Ccn2,Fgfr2
Ccn2,Lrp1
Ccn2,Itgam
Ccn2,Itga5
Ccn2,Ntrk1
Hsp90b1,Lrp6
Hsp90b1,Lrp1
Hsp90b1,Tlr2
Hsp90b1,Tlr9
Hsp90b1,Tlr4
Hsp90b1,Pparg
Fgf18,Fgfr1
Fgf18,Fgfr4
Fgf18,Fgfr2
Fgf18,Fgfr3
Madcam1,Itgb7
Madcam1,Itga4
Fgf22,Fgfr1
Fgf22,Fgfr2
Il13,Il4ra
Il13,Il13ra1
Il13,Il13ra2
Pomc,Mc5r
Pomc,Mc3r
Pomc,Mc2r
Pomc,Mc4r
Pomc,Oprm1
Pomc,Mc1r
Pomc,Oprd1
Ccl7,Ccr2
Ccl7,Ccr5
Ccl7,Cxcr3
Ccl7,Ccr3
Ccl7,Ccr1
Ccl7,Ccr10
Tac4,Tacr1
Gng4,Kcnj6
Prl7d1,Prlr
Prl2c5,Prlr
Prl4a1,Prlr
Edn1,Ednrb
Edn1,Kel
Edn1,Ednra
Sema4d,Erbb2
Sema4d,Plxna2
Sema4d,Cd72
Sema4d,Plxnb1
Sema4d,Met
Sema4d,Plxnb2
Cxcl14,Cxcr4
Il9,Il9r
Thbs4,Notch1
Fgf10,Fgfr1
Fgf10,Fgfr2
Fgf10,Fgfr3
Nid2,Col13a1
Plau,Lrp1
Plau,Lrp2
Plau,Igf2r
Plau,Mrc2
Plau,Itgb2
Plau,Plaur
Vcl,Alk
Arf4,Lrp2
Fgf9,Fgfr1
Fgf9,Fgfr4
Fgf9,Fgfr2
Fgf9,Fgfr3
Tnfsf11,Lgr4
Tnfsf11,Tnfrsf11b
Tnfsf11,Itga2b
Tnfsf11,Tnfrsf11a
Clu,Lrp2
Clu,Lrp8
Clu,Vldlr
Adam2,Itgb7
Adam2,Itgb1
Adam2,Itga6
Adam2,Cd9
Adam2,Itga9
Fgf17,Fgfr1
Fgf17,Fgfr4
Fgf17,Fgfr2
Fgf17,Fgfr3
Gdnf,Gfra4
Gdnf,Ret
Gdnf,Sorl1
Gdnf,Sdc3
Gdnf,Gfra3
Gdnf,Gfra1
Gdnf,Gfra2
Angpt1,Itga5
Angpt1,Tek
Col2a1,Itgav
Col2a1,Itga2b
Col2a1,Itga2
Col2a1,Itga1
Col2a1,Mag
Pla2g10,Pla2r1
Ahsg,Insr
Hrg,Erbb2
Hrg,Erbb3
Adipoq,Adipor1
Adipoq,Adipor2
Prl2a1,Prlr
Pros1,Tyro3
Pros1,Axl
Pros1,Mertk
Wnt10b,Fzd6
Wnt10b,Fzd8
Wnt10b,Lrp6
Wnt10b,Fzd5
Wnt10b,Fzd7
Wnt10b,Fzd4
Wnt1,Fzd6
Wnt1,Lrp5
Wnt1,Fzd1
Wnt1,Fzd8
Wnt1,Lrp6
Wnt1,Fzd5
Wnt1,Fzd7
Wnt1,Fzd9
Wnt1,Fzd10
Npff,Npffr2
Npff,Npffr1
Cxcl13,Cxcr3
Cxcl13,Ackr4
Cxcl13,Cxcr5
Ccl25,Ackr2
Ccl25,Ackr4
Ccl25,Ccr9
Guca2a,Gucy2c
Bmp15,Bmpr1b
Bmp15,Bmpr2
Bmp15,Bmpr1a
Bmp15,Tgfbr1
Bmp15,Acvr1c
Bmp15,Acvr1b
Gnb3,Kcnj6
Crisp2,Catsper1
Tff2,Muc6
Ntn3,Dcc
Ntn3,Neo1
C3,Lrp1
C3,Itgam
C3,Cd46
C3,Cd55
C3,C3ar1
C3,Cr2
C3,C5ar2
C3,Cd19
C3,Cd81
C3,Itgb2
Tslp,Crlf2
Tslp,Il7r
Apom,Lrp2
Ltb,Ltbr
Ltb,Tnfrsf1a
Ltb,Cd40
Tnf,Tnfrsf1a
Tnf,Rhbdf2
Tnf,Tnfrsf1b
Tnf,Cd40
Lta,Ltbr
Lta,Tnfrsf14
Lta,Tnfrsf1a
Lta,Tnfrsf1b
Hbegf,Egfr
Hbegf,Erbb2
Hbegf,Cd9
Hbegf,Erbb3
Hbegf,Erbb4
Scgb1a1,Lrp2
Anxa1,Fpr2
Anxa1,Fpr1
Anxa1,Dysf
Il33,Il1rl1
Il33,Il1rap
Il33,Kit
Dkk1,Lrp5
Dkk1,Lrp6
Dkk1,Kremen2
Dkk1,Kremen1
Gal,Gpr151
Gal,Galr1
Gal,Galr2
Vegfb,Flt1
Vegfb,Nrp1
Rbp4,Stra6
Slit1,Gpc1
Slit1,Robo2
Slit1,Plxna1
Slit1,Flrt3
Slit1,Robo1
Sema4g,Plxnb2
Fgf8,Fgfr1
Fgf8,Fgfr4
Fgf8,Fgfr2
Fgf8,Fgfr3
Fgf8,Fgfrl1
Gdf11,Acvr2b
Gdf11,Acvr2a
Gdf11,Tgfbr1
Gdf11,Acvr1c
Gdf11,Acvr1b
Il23a,Il23r
Il23a,Il12rb1
Inhbc,Acvr2b
Inhbc,Acvr2a
Hras,Tlr2
Hras,Grin2d
Hras,Cav1
Hras,Tlr9
Podxl,Sell
Nmb,Brs3
Nmb,Nmbr
Il6,Egfr
Il6,Il6st
Il6,Il6ra
Il17a,Il17rd
Il17a,Il17rc
Il17a,Il17ra
Ctla4,Cd80
Mstn,Acvr2b
Mstn,Acvr2a
Mstn,Tgfbr1
Mstn,Acvr1b
Nppc,Npr3
Nppc,Npr1
Nppc,Npr2
Il20,Il20rb
Il20,Il22ra1
Il20,Il20ra
Lamc2,Itgb1
Lamc2,Itga6
Lamc2,Itgb4
Lamc2,Itga3
Xcl1,Xcr1
Angptl1,Tek
Tnfsf4,Traf2
Tnfsf4,Tnfrsf4
Cel,Cxcr4
Hc,C5ar2
Hc,C5ar1
Il1f6,Il1rap
Il1f6,Il1rl2
Il1f8,Il1rap
Il1f8,Il1rl2
Il1f8,Il1f5
Fshb,Fshr
Lin7c,Abca1
Lin7c,Htr2c
Mdk,Lrp6
Mdk,Lrp1
Mdk,Itgb1
Mdk,Alk
Mdk,Ptprz1
F2,Itga2b
F2,Thbd
F2,F2rl2
F2,F2rl1
Jag1,Notch1
Jag1,Notch3
Jag1,Notch2
Jag1,Notch4
Oxt,Avpr2
Oxt,Oxtr
Spint1,St14
Bmp2,Acvr2b
Bmp2,Bmpr1b
Bmp2,Acvr2a
Bmp2,Bmpr2
Bmp2,Bmpr1a
Bmp2,Tgfbr3
Bmp2,Acvr1
Bmp2,Hjv
Il1b,Il1rap
Il1b,Il1r1
Il1b,Il1r2
Il1a,Il1rap
Il1a,Il1r1
Il1a,Il1r2
Cst3,Lrp2
Angpt4,Tek
Edn3,Ednrb
Edn3,Kel
Edn3,Ednra
a,Mc1r
a,Atrn
Ghrh,Vipr1
Ghrh,Ghrhr
Il21,Il2rg
Il21,Il21r
Il2,Il2ra
Il2,Il2rg
Il2,Il2rb
Il2,Ngfr
Wnt2b,Fzd4
Efna1,Epha3
Efna1,Epha4
Efna1,Epha7
Efna1,Epha6
Efna1,Epha10
Efna1,Epha8
Efna1,Epha1
Efna1,Epha2
Efna1,Epha5
Vcam1,Itgb7
Vcam1,Itgb1
Vcam1,Itga4
Vcam1,Itga9
Vcam1,Itgb2
Sfrp2,Fzd5
Pdgfc,Pdgfra
Pdgfc,Pdgfrb
Pdgfc,Flt4
Egf,Egfr
Egf,Erbb2
Egf,Cd44
Egf,Cav1
Egf,Nrp1
Egf,Erbb3
Egf,Erbb4
Dkk2,Lrp6
Efna3,Erbb2
Efna3,Epha3
Efna3,Epha4
Efna3,Epha7
Efna3,Epha6
Efna3,Ephb1
Efna3,Epha10
Efna3,Epha8
Efna3,Epha1
Efna3,Epha2
Efna3,Epha5
Efna4,Epha3
Efna4,Epha4
Efna4,Epha7
Efna4,Epha6
Efna4,Epha10
Efna4,Epha8
Efna4,Epha1
Efna4,Epha2
Efna4,Epha5
Adam15,Itgav
Adam15,Itgb1
Adam15,Itga9
Sema4a,Nrp1
Sema4a,Plxnb1
Sema4a,Plxnb2
Sema4a,Plxnd1
Ccn1,Tlr2
Ccn1,Itgav
Ccn1,Itgam
Ccn1,Itgb2
Tnfsf8,Tnfrsf8
Tln1,Itgal
Tln1,Itgb1
Tln1,Itgb2
Col9a2,Mag
Edn2,Ednrb
Edn2,Kel
Edn2,Ednra
Sema3c,Nrp1
Sema3c,Nrp2
Sema3c,Plxna4
Sema3c,Plxnb1
Sema3c,Plxnd1
Hgf,Itgb1
Hgf,Cd44
Hgf,Sdc2
Hgf,Nrp1
Hgf,Nrp2
Hgf,Plxnb1
Hgf,Met
Rspo1,Lrp6
Rspo1,Lgr4
Rspo1,Lgr6
Rspo1,Znrf3
Rspo1,Lgr5
Sema3a,Nrp1
Sema3a,Nrp2
Sema3a,Plxna4
Sema3a,Plxna2
Sema3a,Plxna1
Uts2,Uts2r
Cort,Sstr3
Cort,Sstr2
Cort,Sstr4
Cort,Sstr5
Cort,Sstr1
Cort,Ghsr
Draxin,Dcc
Gnb1,Kcnj6
Nmu,Nmur2
Nmu,Nmur1
Bmp3,Acvr2b
Bmp3,Acvr2a
Fgf5,Fgfr1
Fgf5,Fgfr4
Fgf5,Fgfr2
Fgf5,Fgfr3
Cxcl5,Ackr1
Cxcl5,Cxcr2
Ppbp,Cxcr2
Ppbp,Cxcr1
Pf4,Fgfr2
Pf4,Cxcr3
Pf4,Lrp1
Pf4,Ccr1
Pf4,Thbd
Pf4,Procr
Areg,Egfr
Areg,Igf1r
Areg,Erbb2
Areg,Erbb3
Areg,Erbb4
Cxcl3,Cxcr3
Cxcl3,Cxcr2
Cxcl1,Ackr1
Cxcl1,Cxcr2
Cxcl1,Cxcr1
Il31,Il31ra
Il31,Osmr
Pla2g1b,Pla2r1
Col1a2,Itgb1
Col1a2,Cd44
Col1a2,Cd93
Col1a2,Itga2
Gng11,Kcnj6
Epo,Mpl
Epo,Epor
Gnb2,Kcnj6
Npy,Npy5r
Npy,Npy1r
Npy,Dpp4
Npy,Npy2r
Npy,Npy4r
Npy,Npy6r
Npy,Fap
Npvf,Npffr2
Npvf,Npffr1
Tgfa,Egfr
Tgfa,Erbb2
Tgfa,Erbb3
Tgfa,Erbb4
Bmp10,Bmpr1b
Bmp10,Bmpr2
Bmp10,Bmpr1a
Bmp10,Tgfbr1
Bmp10,Eng
Bmp10,Acvr1
Bmp10,Alk
Bmp10,Acvrl1
Prok2,Prokr2
Prok2,Prokr1
Wnt7a,Lrp5
Wnt7a,Fzd1
Wnt7a,Fzd3
Wnt7a,Lrp6
Wnt7a,Fzd5
Wnt7a,Fzd7
Wnt7a,Fzd9
Wnt7a,Fzd4
Wnt7a,Lrp4
Wnt7a,Adgra2
Wnt7a,Celsr3
Wnt7a,Reck
Gdf3,Acvr2b
Gdf3,Acvr2a
Gdf3,Tgfbr1
Gdf3,Acvr1c
Gdf3,Acvr1b
Clec2d,Klrb1b
Rtn2,Rtn4r
Vasp,Itga4
Mfge8,Pdgfrb
Mfge8,Itgav
Mfge8,Itgb1
Mfge8,Itgb5
Mfge8,Itgb3
Calca,Calcrl
Calca,Calcr
Fgf21,Fgfr1
Fgf21,Fgfr2
Fgf21,Fgfr3
Fgf21,Klb
Izumo1,Cd9
Izumo1,Izumo1r
Hpx,Lrp1
Fgf15,Fgfr1
Fgf15,Fgfr4
Fgf15,Fgfr2
Fgf15,Fgfr3
Fgf15,Klb
Fadd,Fas
Fadd,Tnfrsf1a
Fadd,Tradd
Fadd,Tnfrsf10b
Cd40lg,Traf2
Cd40lg,Traf1
Cd40lg,Cd40
Cd40lg,Traf3
Fgf13,Fgfr1
Fgf13,Fgfr4
Fgf13,Fgfr2
Fgf13,Fgfr3
Fgf13,Scn5a
F9,Lrp1
F8,Lrp1
F8,Ldlr
Fgf16,Fgfr1
Fgf16,Fgfr4
Fgf16,Fgfr2
Fgf16,Fgfr3
Bgn,Tlr2
Bgn,Cd44
Bgn,Tlr4
Bgn,P2rx7
Bgn,P2rx4
Vegfd,Fgfr2
Vegfd,Nrp2
Vegfd,Flt4
Vegfd,Itga9
Vegfd,Kdr
Angpt2,Itgav
Angpt2,Itgb1
Angpt2,Itga5
Angpt2,Tek
Angpt2,Itgb2
Tnfsf13b,Tnfrsf17
Tnfsf13b,Tnfrsf13c
Tnfsf13b,Tnfrsf13b
Col4a1,Itgb1
Col4a1,Cd93
Col4a2,Itgb1
Col4a2,Cd93
Vegfc,Itgb1
Vegfc,Nrp2
Vegfc,Flt4
Vegfc,Itga9
Vegfc,Kdr
Vegfc,Ccbe1
Plat,Lrp1
Plat,Itgam
Sfrp1,Fzd2
Fgf20,Fgfr1
Fgf20,Fgfr4
Fgf20,Fgfr2
Fgf20,Fgfr3
Il15,Il2ra
Il15,Il2rg
Il15,Il2rb
Il15,Il15ra
Il15,Il11ra1
Mmp2,Itgav
Mmp2,Itgb1
Mmp2,Sdc2
Mmp2,Itgb3
Cx3cl1,Itgav
Cx3cl1,Itgb1
Cx3cl1,Itga4
Cx3cl1,Cx3cr1
Cx3cl1,Itgb3
Ccl22,Ccr4
Ccl22,Ackr2
Ccl22,Dpp4
Ccl17,Ccr4
Ccl17,Ackr1
Ccl17,Ackr2
Ccl17,Ccr8
Insl3,Rxfp2
Insl3,Rxfp1
Jam3,Itgam
Jam3,Itgal
Jam3,Itgb1
Jam3,Itga4
Jam3,Itgb2
Apoc3,Lrp1
Apoc3,Gpihbp1
Apoc3,Ldlr
Apoa1,Lrp2
Apoa1,Abca1
Lipc,Lrp1
Lipc,Ldlr
Lipc,Scarb1
Ptgs2,Ptger4
Ptgs2,Ptger3
Ptgs2,Ptger2
Ptgs2,Ptger1
Tdgf1,Lrp5
Tdgf1,Lrp6
Tdgf1,Fzd7
Tdgf1,Acvr2b
Tdgf1,Acvr2a
Tdgf1,Tgfbr1
Tdgf1,Gpc1
Tdgf1,Acvr1c
Tdgf1,Acvr1b
Ucn,Crhr1
Ucn,Crhr2
Ntng2,Lrrc4c
Ntng2,Lrrc4
Avp,Avpr2
Avp,Oxtr
Avp,Avpr1a
Avp,Avpr1b
Lgals3bp,Itgb1
Apob,Lrp6
Apob,Lrp1
Apob,Lrp2
Apob,Cd36
Apob,Tlr4
Apob,Ldlr
Apob,Scarb1
Apob,Apobr
Apob,Mttp
Apob,Lsr
Wnt4,Fzd6
Wnt4,Fzd2
Wnt4,Fzd1
Wnt4,Fzd8
Wnt4,Lrp6
Wnt4,Fzd5
Wnt4,Fzd7
Wnt4,Fzd4
Wnt4,Fzd10
Wnt4,Musk
Fgg,Itgav
Fgg,Itga5
Fgg,Itga2b
Fgg,Itgb2
Galp,Galr1
Galp,Galr2
Fgf2,Fgfr1
Fgf2,Fgfr4
Fgf2,Fgfr2
Fgf2,Fgfr3
Fgf2,Itgav
Fgf2,Cd44
Fgf2,Sdc2
Fgf2,Notch1
Fgf2,Nrp1
Fgf2,Sdc3
Fgf2,Ptprz1
Fgf2,Kit
Fgf2,Fgfrl1
Fgf2,Sdc4
Fgf2,Sdc1
Fgf2,Itgb3
Fgf2,Lyve1
Fgf2,Gpc4
Csf3,Csf1r
Csf3,Csf3r
Bmp8a,Acvr2b
Bmp8a,Acvr2a
Bmp8a,Tgfbr2
Bmp8a,Bmpr2
Bmp8a,Bmpr1a
Bmp8a,Tgfbr1
Gdf7,Bmpr1b
Gdf7,Acvr2a
Gdf7,Bmpr2
Gdf7,Bmpr1a
Serpine1,Lrp1
Serpine1,Lrp2
Serpine1,Vldlr
Serpine1,Lrp1b
Serpine1,Plaur
Ccl5,Ccr4
Ccl5,Ackr1
Ccl5,Ackr2
Ccl5,Ccr5
Ccl5,Ccr3
Ccl5,Ackr4
Ccl5,Ccr1
Ccl5,Ccrl2
Ccl5,Gpr75
Nodal,Acvr2b
Nodal,Acvr2a
Nodal,Acvr1c
Nodal,Acvr1b
Npnt,Itgb1
Npnt,Itga8
Lman1,Mcfd2
Tnfsf10,Tnfrsf11b
Tnfsf10,Tnfrsf10b
Inha,Acvr2a
Tnfsf9,Traf2
Tnfsf9,Traf1
Tnfsf9,Tnfrsf9
Tnfsf9,Tmem126a
Pth2,Ramp1
Pth2,Pth2r
Mif,Cd44
Mif,Cd74
Mif,Cxcr4
Mif,Cxcr2
Mif,Ackr3
Spon1,Lrp8
Lefty1,Acvr2b
Lefty1,Acvr2a
Lefty1,Acvr1
Lefty1,Acvr1b
Sct,Sctr
Sct,Vipr2
Rspo4,Lgr4
Rspo4,Lgr6
Rspo4,Lgr5
Sema7a,Itgb1
Gng10,Kcnj6
Wnt8b,Lrp6
Wnt8b,Fzd7
Wnt8b,Fzd10
Wnt8b,Ptk7
Amh,Bmpr1a
Amh,Acvr1
Amh,Amhr2
Il5,Csf2rb
Il5,Il5ra
Tgfb2,Tgfbr2
Tgfb2,Tgfbr1
Tgfb2,Tgfbr3
Iapp,Ramp3
Iapp,Calcr
Lama1,Itgb1
Lama1,Itga7
Lama1,Itgb4
Lama1,Itga2
Lama1,Itga1
Pmch,Mchr1
Crp,Tlr4
Crp,Fcgr1
Crp,Olr1
Thbs1,Ptprj
Thbs1,Lrp1
Thbs1,Itgav
Thbs1,Itgb1
Thbs1,Itgb8
Thbs1,Cd47
Thbs1,Cd36
Thbs1,Vldlr
Thbs1,Itga5
Thbs1,Itga2
Thbs1,Itga1
Thbs1,Itga3
Thbs1,Sdc1
Thbs1,Itgb3
Thbs1,Itgb6
Thbs1,Scarb2
Inhbb,Acvr2b
Inhbb,Acvr2a
Inhbb,Acvr1c
Clcf1,Il6st
Clcf1,Cntfr
Clcf1,Crlf1
Fgf1,Fgfr1
Fgf1,Fgfr4
Fgf1,Fgfr2
Fgf1,Fgfr3
Fgf1,Cd44
Fgf1,Nrp1
Apln,Aplnr
Grn,Sort1
Grn,Tnfrsf1a
Grn,Tnfrsf1b
Nrtn,Ret
Nrtn,Sdc3
Nrtn,Gfra3
Nrtn,Gfra1
Nrtn,Gfra2
Prl3a1,Prlr
Gc,Lrp2
Il17f,Il17rc
Il17f,Il17ra
Cxcl10,Cxcr3
Cxcl10,Dpp4
Cxcl10,Tlr4
Cxcl10,Cxcr4
Cxcl10,Sdc4
Prl3b1,Prlr
Chad,Itgb1
Chad,Itga2
Inhba,Acvr2b
Inhba,Acvr2a
Inhba,Tgfbr1
Inhba,Tgfbr3
Inhba,Acvr1c
Inhba,Acvr1b
S100b,Fgfr1
S100b,Alcam
Gdf5,Ror2
Gdf5,Acvr2b
Gdf5,Bmpr1b
Gdf5,Acvr2a
Gdf5,Bmpr2
Gdf5,Acvr1
C1qa,Cd93
Calm2,Grm7
Calm2,Scn10a
Calm2,Scn4a
Calm2,Trpc5
Calm2,Kcnq3
Calm2,Adcy8
Calm2,Mylk
Calm2,Cacna1c
Ctf1,Il6st
Ucn3,Il10rb
Ucn3,Crhr1
Ucn3,Crhr2
Efnb1,Egfr
Efnb1,Ephb2
Efnb1,Epha4
Efnb1,Ephb3
Efnb1,Epha7
Efnb1,Ephb4
Efnb1,Epha6
Efnb1,Ephb6
Efnb1,Ephb1
Efnb1,Epha5
Rln3,Rxfp2
Rln3,Rxfp1
Rln3,Rxfp4
Rln3,Rxfp3
Col9a1,Mag
Nlgn2,Nrxn1
Nlgn2,Nrxn3
Nlgn2,Nrxn2
Il1f9,Il1rap
Il1f9,Il1rl2
Prl2c1,Prlr
Lcn2,Lrp2
Lcn2,Slc22a17
Inhbe,Acvr2b
Inhbe,Acvr2a
Pnoc,Oprl1
Fn1,Itgb7
Fn1,Itgb1
Fn1,Cd44
Fn1,Itga5
Fn1,Col13a1
Fn1,Itga2b
Fn1,Flrt2
Fn1,Itga3
Fn1,Cd79a
Fbln1,Itgb1
Il18,Il18r1
Il18,Il18bp
Il18,Il18rap
Il27,Il6st
Il27,Il27ra
Qrfp,Qrfpr
Pcsk9,Lrp1
Pcsk9,Lrp8
Pcsk9,Vldlr
Pcsk9,Sort1
Pcsk9,Ldlr
Pcsk9,Aplp2
Arf6,Pld1
Il17c,Il17re
Dscam,Dcc
Igf1,Igf1r
Igf1,Itgav
Igf1,Insr
Igf1,Itgb3
Cd14,Tlr2
Cd14,Itgb1
Cd14,Tlr9
Cd14,Tlr4
Cd14,Itga4
Cd14,Cd55
Cd14,C3ar1
Cd14,Itgb2
Cd14,Ly96
Cd14,Tlr3
Fgf4,Fgfr1
Fgf4,Fgfr4
Fgf4,Fgfr2
Fgf4,Fgfr3
Fgf4,Nrp1
Gnai2,Igf1r
Gnai2,Cav1
Gnai2,Oprd1
Gnai2,C5ar1
Gnai2,Adra2b
Gnai2,Drd2
Gnai2,Lhcgr
Gnai2,Mtnr1b
Gnai2,Cnr1
Hcrt,Hcrtr2
Hcrt,Hcrtr1
Cd24a,Selp
Bdnf,Sort1
Bdnf,Ntrk1
Bdnf,Ntrk2
Bdnf,Bex3
Bdnf,Ngfr
Bdnf,Insrr
Bdnf,Ntrk3
Bdnf,Sorcs2
S100a1,Tlr4
S100a1,Ryr1
S100a1,Ryr2
Nxph3,Nrxn1
Nxph3,Nrxn3
Nxph3,Nrxn2
Ucn2,Il10rb
Ucn2,Crhr1
Ucn2,Crhr2
Crh,Crhr1
Crh,Crhr2
Fat4,Dchs1
Gdf6,Bmpr1b
Gdf6,Acvr2a
Gdf6,Bmpr2
Gdf6,Bmpr1a
Adam10,Lrp1
Adam10,Itgav
Adam10,Erbb2
Adam10,Epha3
Adam10,Notch1
Adam10,Notch3
Adam10,Tspan15
Adam10,Il6ra
Adam10,Cadm1
Adam10,Axl
Adam10,Fcer2a
Adam10,Tspan17
Adam10,Tspan5
Adam10,Gpnmb
Adam10,Tspan14
Adam10,Tspan10
Artn,Ret
Artn,Sdc3
Artn,Gfra3
Artn,Gfra1
Artn,Gfra2
Adm2,Ramp3
Adm2,Calcrl
Wnt5a,Fzd6
Wnt5a,Fzd2
Wnt5a,Lrp5
Wnt5a,Fzd1
Wnt5a,Fzd3
Wnt5a,Fzd8
Wnt5a,Ror1
Wnt5a,Lrp6
Wnt5a,Ror2
Wnt5a,Fzd5
Wnt5a,Fzd7
Wnt5a,Fzd9
Wnt5a,Fzd4
Wnt5a,Notch1
Wnt5a,Ryk
Adam12,Itgb1
Adam12,Tgfbr2
Adam12,Epha1
Adam12,Itga9
Adam12,Sdc4
Amelx,Cd63
Amelx,Lamp1
Nlgn3,Nrxn1
Nlgn3,Nrxn3
Nlgn3,Nrxn2
Agt,Lrp2
Agt,Agtr1a
Agt,Agtr1b
Agt,Agtr2
Agt,Mas1
Slit3,Robo2
Slit3,Plxna1
Slit3,Robo3
Slit3,Robo1
Lep,Lrp2
Lep,Leprot
Lep,Lepr
Adcyap1,Dpp4
Adcyap1,Ramp2
Adcyap1,Vipr1
Adcyap1,Adcyap1r1
Adcyap1,Ramp3
Adcyap1,Adrb3
Adcyap1,Vipr2
Lif,Il6st
Lif,Lifr
Rspo2,Lgr4
Rspo2,Lgr6
Rspo2,Znrf3
Rspo2,Lgr5
Adam17,Itgb1
Adam17,Itga6
Adam17,Notch1
Adam17,Notch2
Adam17,Itga5
Adam17,Cd9
Adam17,Tnfrsf1a
Adam17,Rhbdf2
Adam17,Tnfrsf1b
Adam17,Erbb4
Adam17,Aplp2
Adam17,Ghr
Adam17,Nectin4
Adam17,Cd40
Adam17,Itgb6
Dmp1,Phex
Sema5a,Met
Sema5a,Plxna1
Sema5a,Plxnb3
Fgf7,Fgfr1
Fgf7,Fgfr2
Fgf7,Fgfr3
Fgf7,Nrp1
Cthrc1,Fzd6
Cthrc1,Fzd3
Cthrc1,Fzd5
Alkal2,Alk
Tg,Lrp2
Ntng1,Lrrc4c
Prl7c1,Prlr
Postn,Egfr
Postn,Itgav
Postn,Itgb1
Postn,Itga5
Postn,Itgb3
Cxcl12,Itgav
Cxcl12,Itgb1
Cxcl12,Dpp4
Cxcl12,Itga5
Cxcl12,Itga4
Cxcl12,Oprm1
Cxcl12,Oprd1
Cxcl12,Cxcr4
Cxcl12,Ackr3
Cxcl12,Agtr1a
Cxcl12,Avpr1a
Cxcl12,Itgb3
Cxcl12,Cmklr1
Cxcl12,Gpr17
Prl3d3,Prlr
Nrg1,Egfr
Nrg1,Erbb2
Nrg1,Erbb3
Nrg1,Erbb4
Sema3e,Nrp1
Sema3e,Plxna1
Sema3e,Plxnd1
Cxcl17,Gpr35
Bmp4,Bmpr1b
Bmp4,Acvr2a
Bmp4,Bmpr2
Bmp4,Bmpr1a
Bmp4,Hjv
Bmp4,Musk
Nlgn1,Nrxn1
Nlgn1,Nrxn3
Nlgn1,Nrxn2
Osm,Egfr
Osm,Il6st
Osm,Il11ra1
Osm,Lifr
Osm,Osmr
Cxcl2,Ackr1
Cxcl2,Cxcr2
Jag2,Notch1
Jag2,Notch3
Jag2,Notch2
Jag2,Notch4
Pdgfa,Pdgfra
Pdgfa,Pdgfrb
Itgb1bp1,Itgb1
Efna5,Ephb2
Efna5,Epha3
Efna5,Epha4
Efna5,Epha7
Efna5,Epha6
Efna5,Epha10
Efna5,Epha8
Efna5,Epha1
Efna5,Epha2
Efna5,Epha5
Gnb5,Kcnj6
Sftpd,Tlr4
Sftpd,Sirpa
Sftpd,Ly96
Gng8,Kcnj6
Pth,Lrp6
Pth,Ramp1
Pth,Pth1r
Pth,Pth2r
Gnas,Ptgdr
Gnas,Htr6
Gnas,Pth1r
Gnas,Lhcgr
Gnas,Gcgr
Sema3f,Nrp1
Sema3f,Nrp2
Sema3f,Plxna3
Prl7b1,Prlr
Prl3d2,Prlr
Prl3d1,Prlr
Adam9,Itgav
Adam9,Itgb1
Adam9,Itga6
Adam9,Itgb5
Hmgb1,Tlr2
Hmgb1,Itgav
Hmgb1,Itgam
Hmgb1,Tlr9
Hmgb1,Tlr4
Hmgb1,Cxcr4
Hmgb1,Thbd
Hmgb1,Ager
Hmgb1,Havcr2
Hmgb1,Itgb3
Hmgb1,Ly96
Hmgb1,Tlr1
Lefty2,Acvr2b
Lefty2,Acvr2a
Lefty2,Acvr1b
Tnfsf18,Tnfrsf18
Icam1,Itgav
Icam1,Itgam
Icam1,Itgal
Icam1,Ahr
Icam1,Itgb2
Icam1,Muc1
Icam1,Spn
Col4a4,Itgb1
Col4a4,Cd93
Col3a1,Itgb1
Col3a1,Mag
Col3a1,Ddr2
Gng5,Kcnj6
Sema3g,Nrp2
Sema3g,Plxna4
Prl6a1,Prlr
Lama3,Itgb4
Lama2,Itgb1
Lama2,Itga7
Lama2,Itgb4
Lama2,Itga2
Ccl26,Ccr2
Ccl26,Ccr3
Ccl26,Cx3cr1
Il11,Il6st
Il11,Il11ra1
Ccl21a,Ackr2
Ccl21a,Cxcr3
Ccl21a,Ccr7
Fgf14,Fgfr1
Fgf14,Fgfr4
Fgf14,Fgfr2
Fgf14,Fgfr3
Prl7a1,Prlr
Gng3,Kcnj6
Il22,Il22ra1
Il22,Il22ra2
Ccl21d,Cxcr3
Ccl21d,Ccr7
Gng7,Kcnj6
Prl2c3,Prlr
Fyn,Thy1
Fyn,Cd244a
Fyn,Spn
Fgf12,Fgfr1
Fgf12,Fgfr4
Fgf12,Fgfr2
Fgf12,Fgfr3
Selplg,Sell
Selplg,Cxcr2
Selplg,Selp
Selplg,Vsir
Selplg,Sele
Psen1,Ephb2
Psen1,Notch1
Psen1,Notch3
Psen1,Notch2
Psen1,Notch4
Psen1,Erbb4
Psen1,Ncstn
Psen1,Nectin1
Sema6d,Plxna4
Sema6d,Plxna1
Sema6d,Kdr
Sema6d,Nrcam
Sema6d,Trem2
Sema6d,Tyrobp
Pla2g5,Pla2r1
Sema3b,Nrp1
Sema3b,Nrp2
Sema3b,Plxna1
Fgf11,Fgfr1
Fgf11,Fgfr4
Fgf11,Fgfr2
Fgf11,Fgfr3
Gcg,Dpp4
Gcg,Glp1r
Gcg,Gcgr
Gcg,Glp2r
Btla,Tnfrsf14
Rtn4,Rtn4r
Rtn4,Rtn4rl2
Rtn4,Ngfr
Rtn4,S1pr2
Rtn4,Lingo1
Rtn4,Cntnap1
Nxph2,Nrxn1
Prl2b1,Prlr
Fgf3,Fgfr1
Fgf3,Fgfr2
Fgf3,Fgfr3
Cd160,Tnfrsf14
Sema6c,Plxna1
Lgals9,Clec7a
Lgals9,Cd40
Lgals9,Havcr2
Apoc1,Vldlr
Ntn1,Dcc
Ntn1,Adora2b
Ntn1,Neo1
Ntn1,Robo3
Ntn1,Unc5d
Ntn1,Unc5a
Ntn1,Mcam
Ntn1,Unc5b
Ntn1,Unc5c
Wnt7b,Lrp5
Wnt7b,Fzd1
Wnt7b,Fzd3
Wnt7b,Fzd7
Wnt7b,Fzd4
Wnt7b,Fzd10
Wnt7b,Adgra2
Wnt7b,Celsr3
Vcan,Egfr
Vcan,Tlr2
Vcan,Cd44
Vcan,Selp
Calm1,Fas
Calm1,Sell
Calm1,Scn10a
Calm1,Scn4a
Calm1,Trpc5
Calm1,Kcnq3
Calm1,Adcy8
Calm1,Mylk
Calm1,Oprm1
Calm1,Cacna1c
Calm1,Kcnn4
Calm1,Grm4
Calm1,Cnga2
Calm1,Kcnq1
Calm1,Mip
Prl8a8,Prlr
Prl8a6,Prlr
Prl,Prlr
Prl2c2,Prlr
Cntf,Il6st
Cntf,Cntfr
Eda,Eda2r
Eda,Edar
Nrg2,Erbb3
Nrg2,Erbb4
Btc,Egfr
Btc,Erbb2
Btc,Erbb4
Lgals3,Il13ra2
Lgals3,Itgb1
Lgals3,Itgb4
Lgals3,Mag
Lgals3,Itga3
Lgals3,Mertk
Lgals3,Itgb3
Afdn,Nrxn3
Afdn,Nectin4
Afdn,Nectin3
Afdn,Nectin1
Afdn,Nectin2
Reln,Itgb1
Reln,Notch1
Reln,Lrp8
Reln,Vldlr
Reln,Itga5
Reln,Itga2b
Reln,Itga3
Reln,Itgb3
Nxph1,Nrxn1
Nxph1,Nrxn3
Nxph1,Nrxn2
Sytl3,Nrxn1
Slit2,Robo2
Slit2,Plxna1
Slit2,Robo3
Slit2,Robo1
Slit2,Robo4
Col9a3,Mag
Wnt11,Fzd7
Wnt11,Musk
Wnt11,Ryk
Cntn2,Nrp1
Cntn2,Cntn1
L1cam,Itgav
L1cam,Erbb2
L1cam,Itgb1
L1cam,Nrp1
L1cam,Itga5
L1cam,Erbb3
L1cam,Cntn1
L1cam,Itgb3
Ngf,Sort1
Ngf,Ntrk1
Ngf,Ngfr
Ngf,Ntrk3
Ngf,Sorcs2
Ngf,Sorcs3
Ngf,Trpv1
Ntf3,Ntrk1
Ntf3,Ntrk2
Ntf3,Ngfr
Ntf3,Ntrk3
Omg,Rtn4r
Omg,Ngfr
Omg,Lingo1
Omg,Rtn4rl1
Ntf5,Ntrk1
Ntf5,Ngfr
Bsg,Cd44
Bsg,Cav1
Bsg,Itgb2
Bsg,Sele
Bsg,Slc16a1
Bsg,Spn
Bsg,Slc16a7
Fga,Itgb1
Fga,Tlr4
Fga,Itga5
Fga,Itga2b
Fga,Itgb2
Fga,Itgb3
Spon2,Itgb2
Gdf2,Bmpr2
Gdf2,Acvr1
Gdf2,Alk
Gdf2,Acvrl1
Il12a,Il12rb1
Lgals8,Itga3
Ihh,Cdon
Ihh,Ptch1
Ihh,Hhip
Ihh,Gpc1
Ihh,Ptch2
Ihh,Smo
Serpine2,Plaur
Srpx2,Plaur
Ceacam1,Plaur
Ceacam1,Sdc4
Mmp12,Plaur
Vegfa,Itgav
Vegfa,Sdc2
Vegfa,Gpc1
Vegfa,Flt1
Vegfa,Nrp1
Vegfa,Nrp2
Vegfa,Npr1
Vegfa,Ptprz1
Vegfa,Kdr
Vegfa,Axl
Vegfa,Itgb3
Vegfa,Ptprb
Gas6,Tyro3
Gas6,Axl
Gas6,Mertk
Il7,Il2rg
Il7,Il7r
Vim,Cd44
Mmp7,Cd44
Anxa2,Cd44
Has2,Cd44
Has2,Hmmr
Spp1,Itgav
Spp1,Itgb1
Spp1,Cd44
Spp1,Itgb5
Spp1,Itga8
Spp1,Itga4
Spp1,Itga9
Spp1,Itgb3
Prg4,Cd44
Igf2,Igf1r
Igf2,Igf2r
Igf2,Insr
Gpc3,Igf1r
Gpc3,Cd81
Kitl,Kit
Kitl,Epor
Pthlh,Pth1r
Igfbp5,Cav1
Calml3,Kcnq1
S100a9,Tlr4
S100a9,Ager
Dll4,Notch1
Dll4,Notch3
Dll4,Notch2
Dll4,Notch4
Dll3,Notch1
Dll3,Notch3
Dll3,Notch2
Dll3,Notch4
Il25,Il17rb
Il17b,Il17rb
Apoe,Lrp5
Apoe,Lrp6
Apoe,Lrp1
Apoe,Lrp2
Apoe,Lrp8
Apoe,Vldlr
Apoe,Sorl1
Apoe,Abca1
Apoe,Ldlr
Apoe,Scarb1
Apoe,Sdc4
Apoe,Sdc1
Apoe,Trem2
Ptn,Sdc2
Ptn,Nrp1
Ptn,Alk
Ptn,Ptprz1
Ptn,Sdc4
Ptn,Sdc1
Ptn,Ptprb
Rspo3,Fzd8
Rspo3,Lrp6
Rspo3,Lgr4
Rspo3,Lgr6
Rspo3,Sdc4
Rspo3,Lgr5
Tnc,Egfr
Tnc,Itgav
Tnc,Itgb1
Tnc,Itga7
Tnc,Itga8
Tnc,Tlr4
Tnc,Itga9
Tnc,Itga2
Tnc,Sdc4
Tnc,Itgb3
Tnc,Itgb6
Tgm2,Sdc4
Htra2,Cd40
Ptpn6,Cd22
Ptpn6,Ros1
St6gal1,Cd22
Grp,Nmbr
Grp,Grpr
Ptpn11,Ros1
Il19,Il20rb
Il19,Il20ra
Il24,Il20rb
Il24,Il22ra1
Il24,Il20ra
Ifng,Ifngr1
Ifng,Ifngr2
Tac1,Tacr1
Tac1,Tacr2
Tac1,Tacr3
Tac1,Grpr
Tac2,Tacr1
Tac2,Tacr2
Tac2,Tacr3
Ang,Egfr
Tnfsf12,Egfr
Tnfsf12,Tnfrsf12a
Tnfsf12,Tnfrsf25
Ereg,Egfr
Spink1,Egfr
Hsp90aa1,Egfr
Hsp90aa1,Fgfr3
Hsp90aa1,Lrp1
Hsp90aa1,Cftr
Lrig1,Egfr
Epgn,Egfr
Agtrap,Rack1
Dkk3,Kremen1
Dkk4,Lrp6
Dkk4,Kremen1
Lypd3,Agr2
Vwf,Lrp1
Vwf,Itgav
Vwf,Itga4
Vwf,Tnfrsf11b
Vwf,Itga2b
Vwf,Itga2
Vwf,Itgb3
Vwf,Gp9
Vwf,Stab2
Vwf,Gp5
Vwf,Gp1ba
Vwf,Gp1bb
Angptl3,Itgav
Angptl3,Itga5
Angptl3,Itgb3
F7,F2rl1
F7,F3
Nptx2,Nptxr
Nptx1,Nptxr
Fgb,Itga5
Angptl8,Gpihbp1
Cd6,Alcam
Trf,Tfrc
Trf,Tfr2
Ifnb1,Ifnar1
Ifnb1,Ifnar2
Lhb,Lhcgr
Pdgfd,Pdgfra
Pdgfd,Pdgfrb
Il34,Csf1r
Alox5ap,Alox5
S100a8,Tlr4
S100a8,Ly96
Sema3d,Nrp1
Pdyn,Oprk1
Cp,Slc40a1
Cd86,Cd28
Icosl,Cd28
Icosl,Icos
Il1rn,Il1rl2
Il1rn,Il1r1
Il1rn,Il1r2
Nms,Nmur2
Nms,Nmur1
Pdcd1lg2,Pdcd1
Pdcd1lg2,Pdcd2
Psap,Lrp1
Psap,Gpr37l1
Psap,Gpr37
Podxl2,Sell
Cfh,Itgam
Cfh,Sell
Cntn6,Notch1
Rbp3,Notch1
Ccn3,Notch1
Dlk2,Notch1
Dlk1,Notch1
Dlk1,Notch3
Dlk1,Notch2
Egfl7,Itgav
Egfl7,Notch1
Egfl7,Notch3
Egfl7,Notch2
Mfap2,Notch1
Mfap5,Notch1
Dspp,Itgav
Dspp,Itgb6
Fbn1,Itgav
Agrn,Lrp4
Agrn,Musk
Agrn,Atp1a3
Proc,Procr
Nppb,Npr3
Nppb,Npr1
Nppb,Npr2
Nppa,Npr3
Nppa,Npr1
Nppa,Npr2
Tfpi,F3
Gdf10,Bmpr1b
Gdf10,Bmpr1a
Gdf10,Acvr1
Bmp6,Acvr2b
Bmp6,Bmpr1b
Bmp6,Bmpr2
Bmp6,Bmpr1a
Bmp6,Acvr1
Bmp6,Hjv
Pltp,Abca1
Cck,Cckar
Cck,Cckbr
Gnrh1,Gnrhr
Mmp14,Flt1
S100a10,Trpv5
S100a10,Trpv6
Shank3,Ret
Sostdc1,Lrp6
Wnt5b,Lrp6
Guca2b,Gucy2c
Adam3,Cd9
Slurp1,Chrna7
Clec4g,Tyrobp
Col18a1,Gpc1
Col18a1,Itgb5
Col18a1,Gpc4
C1qtnf5,Mfrp
Slpi,Plscr4
Prnd,Rpsa
Ptma,Vipr1
Mst1,Mst1r
Ccl1,Ccr8
Flt3l,Flt3
Cxcl9,Cxcr3
Cxcl9,Ccr3
Cxcl9,Dpp4
Ccl28,Ackr2
Ccl28,Ccr3
Ccl28,Ccr10
Ctsd,Lrp1
Hspa1b,Lrp1
Gip,Dpp4
Gip,Gipr
Retn,Tlr4
Npb,Npbwr1
Npw,Npbwr1
Uts2b,Sstr5
Uts2b,Uts2r
Pon2,Htr2a
Tnfsf15,Tnfrsf25
Ccl27a,Ackr2
Ccl27a,Ccr10
Sema4c,Plxnb2
Ccl20,Cxcr3
Ccl20,Ccr6
Ccl19,Cxcr3
Ccl19,Ackr4
Ccl19,Ccr7
Ccl21b,Cxcr3
Ccl21b,Ccr7
Liph,Lpar1
Apela,Aplnr
Cd200,Cd200r1
Cd200,Cd200r2
Col4a3,Itgb1
Col4a3,Itga2
Col8a1,Itga2
Col8a1,Itga1
Nps,Npsr1
Prok1,Prokr2
Prok1,Prokr1
Insl5,Rxfp4
Ghrl,Ghsr
Ccl27b,Ccr10
Rtn3,Rtn4r
Prlh,Prlhr
Prl8a2,Pgr
Rgmb,Neo1
Rgma,Neo1
Hspg2,Itgb1
Hspg2,Col13a1
Hspg2,Ptprs
Ostn,Npr3
Hp,Itgam
Gh,Ghr
Selenop,Lrp2
Selenop,Lrp8
Tcn2,Lrp2
Cubn,Lrp2
Nrg3,Erbb3
Nrg3,Erbb4
Ncam1,Fgfr1
Colq,Musk
Alkal1,Alk
Thbs2,Notch3
Col4a6,Itgb1
Col4a6,Cd93
Col4a5,Itgb1
Jam2,Itgb1
Jam2,Itga4
Gng13,Kcnj6
Gng2,Kcnj6
Gng12,Kcnj6
Gnb4,Kcnj6
Camp,P2rx7
Sftpa1,Sirpa
Thpo,Mpl
Tctn1,Tmem67
Sema6b,Plxna4
Nrg4,Erbb4
Adamts3,Ccbe1
